{
  "main": [
    { "title": "قوانین و مقررات", "url": "/to-path"},
    { "title": "سوالات متداول", "url": "/to-path"},
    { "title": "قیمت ها و کارمزد ها", "url": "/to-path"},
    { "title": "ارتباط با ما", "url": "/to-path"}
  ],
  "education": [
    { "title": "بلاگ", "url": "/to-path"},
    { "title": "آمورش ها", "url": "/to-path"},
    { "title": "تجزیه و تحلیل ارز ها", "url": "/to-path"}
  ],
  "special": [
    { "title": "معرفی به دوستان", "url": "/to-path"},
    { "title": "اپلیکیشن", "url": "/to-path"},
    { "title": "چت روم", "url": "/to-path"},
    { "title": "پشتیبانی", "url": "/to-path"}
  ]
}
