[
  {
    "id": 0,
    "name": "بیت کوین",
    "symbol": "BTC",
    "price": 21405,
    "changes": 5.24,
    "changesChart": [
      20000,
      30000,
      19000,
      21405
    ],
    "icon": "/images/coins/bitcoinicon.png"
  },
  {
    "id": 1,
    "name": "اتریوم",
    "symbol": "ETH",
    "price": 1645,
    "changes": 6.31,
    "changesChart": [
      1600,
      1501,
      1402,
      1645
    ],
    "icon": "/images/coins/etheriumicon.png"
  },
  {
    "id": 2,
    "name": "بیت کوین",
    "symbol": "BTC",
    "price": 21405,
    "changes": 5.24,
    "changesChart": [
      20000,
      30000,
      19000,
      21405
    ],
    "icon": "/images/coins/bitcoinicon.png"
  },
  {
    "id": 3,
    "name": "اتریوم",
    "symbol": "ETH",
    "price": 1645,
    "changes": 6.31,
    "changesChart": [
      1600,
      1501,
      1402,
      1645
    ],
    "icon": "/images/coins/etheriumicon.png"
  },
  {
    "id": 4,
    "name": "بیت کوین",
    "symbol": "BTC",
    "price": 21405,
    "changes": 5.24,
    "changesChart": [
      20000,
      30000,
      19000,
      21405
    ],
    "icon": "/images/coins/bitcoinicon.png"
  }
]